json,json-new
sh85004635.json,1974.json
n79021783.json,1981.json
n2006016474.json,2006016474.json
n2013008694.json,2013008694.json
n2013074408.json,2013074408.json
sh85101178.json,2020.json
sh94001219.json,2027.json
sh2009115508.json,2039.json
sh99013793.json,2056.json
sh85025592.json,2068.json
sh2010105778.json,2080.json
n2002041520.json,2095.json
sh85006707.json,2101.json
sh2008121120.json,2123.json
sh85007860.json,2125.json
sh85007566.json,2128.json
sh85079642.json,214.json
sh85006703.json,2146.json
sh85127595.json,2162.json
sh85007649.json,2168.json
sh85096696.json,2172.json
sh85088597.json,2189.json
sh85068937.json,220.json
sh90001165.json,2207.json
n80049594.json,2210.json
n81070647.json,224.json
sh85041401.json,231.json
sh85045470.json,2314.json
sh85046105.json,2316.json
sh85026297.json,2320.json
sh85087419.json,2324.json
sh87005028.json,2332.json
sh85105855.json,2333.json
sh85105729.json,2334.json
n79018344.json,2335.json
sh85036275.json,2337.json
sh99002035.json,2338.json
sh85134051.json,2339.json
sh87004964.json,2350.json
sh85109304.json,2353.json
sh85007638.json,2361.json
sh85006781.json,2362.json
n80061791.json,2363.json
sh88001463.json,2369.json
n79011134.json,2371.json
sh85006507.json,2380.json
n80082610.json,239.json
sh85053538.json,256.json
sh85001631.json,257.json
sh85003107.json,266.json
sh85077280.json,2903.json
sh85127732.json,2905.json
sh2004010597.json,2908.json
sh85001632.json,2910.json
sh85045661.json,2911.json
sh85006104.json,2932.json
sh85017697.json,2947.json
sh85026864.json,295.json
sh96003529.json,2991.json
n80086556.json,3034.json
sh2004008862.json,3036.json
n82239981.json,3039.json
sh99014251.json,3042.json
no2006052980.json,3043.json
sh97006908.json,3048.json
sh91000543.json,3056.json
n87931348.json,3062.json
sh2008006814.json,3064.json
sh97003629.json,3070.json
n79018545.json,3072.json
no2015060017.json,3077.json
sh85101355.json,3093.json
sh85101371.json,3100.json
sh99001520.json,3104.json
sh86001064.json,3105.json
sh89005533.json,3112.json
n85061455.json,3118.json
n83033427.json,3119.json
sh85068340.json,3125.json
sh2012004728.json,3126.json
sh85097246.json,3127.json
sh86004062.json,3132.json
sh85147330.json,3134.json
n84036407.json,3137.json
sh85049132.json,314.json
n82137785.json,3156.json
sh94005889.json,3170.json
n2011064052.json,3173.json
sh85055102.json,318.json
n81003082.json,3181.json
n85309224.json,3187.json
n94058853.json,3196.json
n79097456.json,3198.json
n79027122.json,3200.json
sh88004255.json,3203.json
sh89006632.json,3205.json
n79034879.json,3206.json
sh85020461.json,3208.json
n2005063371.json,3210.json
n79100751.json,3217.json
no96010963.json,3224.json
n2001154337.json,3226.json
sh95008906.json,3227.json
n85257648.json,3232.json
n81035846.json,3239.json
n94093707.json,3243.json
nr95046308.json,3247.json
sh2002001720.json,3248.json
n80001338.json,3251.json
n87917930.json,3253.json
n79041988.json,3259.json
n79039956.json,3260.json
sh00004901.json,3261.json
nb2013010899.json,3271.json
n79063211.json,3276.json
n98112889.json,3279.json
n80040687.json,3280.json
sh86002522.json,3285.json
sh2008116965.json,3286.json
nr91015964.json,3289.json
n79015627.json,3292.json
sh85075435.json,330.json
sh95000613.json,3301.json
sh96008147.json,3303.json
n92101589.json,3309.json
n2005013229.json,3310.json
sh85083230.json,3312.json
sh85032594.json,3313.json
sh2010101440.json,3314.json
sh93005317.json,3326.json
n81011188.json,3331.json
n79089381.json,3334.json
sh85087796.json,3335.json
sh85116569.json,3336.json
n81103161.json,3337.json
n85279520.json,3338.json
n2003057451.json,3340.json
no90021451.json,3342.json
sh95002726.json,3344.json
n79074350.json,3346.json
n79085026.json,3349.json
n2008003843.json,3350.json
n81146665.json,3351.json
n79093323.json,3352.json
n81096075.json,3353.json
n79149017.json,3355.json
n79034972.json,3356.json
n80046633.json,3357.json
n50051974.json,3362.json
sh99010817.json,3366.json
sh94002229.json,3377.json
sh98002353.json,3378.json
sh91002647.json,3394.json
n85281897.json,3396.json
sh85017093.json,340.json
n79071225.json,3405.json
n85358086.json,3411.json
n2011023943.json,3416.json
sh2008115563.json,3419.json
sh2010111235.json,3420.json
sh85101337.json,3422.json
sh85006860.json,3423.json
sh85068907.json,3590.json
sh85138788.json,3591.json
sh85105083.json,3619.json
sh93006480.json,3638.json
n94093837.json,3652.json
sh85144468.json,3655.json
n80150479.json,3656.json
no2012036178.json,3657.json
n81046794.json,3675.json
sh85114947.json,3679.json
sh85034465.json,3681.json
sh99013339.json,3684.json
n80109329.json,3688.json
n50058499.json,3690.json
nr94042063.json,3692.json
n81134745.json,3695.json
n79054574.json,3697.json
sh85133746.json,3701.json
n80001341.json,3709.json
n91118321.json,3714.json
sh85006504.json,3724.json
n79063209.json,3726.json
sh86006225.json,3727.json
n79018703.json,3728.json
n79018703.json,3728.json
n80132105.json,3729.json
n79046135.json,3732.json
n81018794.json,3738.json
n81043335.json,3739.json
sh86001590.json,3743.json
n79034513.json,3745.json
sh91003755.json,3746.json
n2004014747.json,3747.json
n79021085.json,3749.json
n81090363.json,3751.json
sh85093301.json,3752.json
n79058468.json,3753.json
n94025689.json,3757.json
n82077894.json,3770.json
sh95001771.json,3779.json
no2006088639.json,3781.json
sh85044266.json,3782.json
n79042141.json,3783.json
nr89007041.json,3785.json
sh85007908.json,3786.json
sh85007710.json,3787.json
n81058570.json,3788.json
n79034515.json,3789.json
n86145996.json,3792.json
n80061081.json,3793.json
n80087663.json,3794.json
sh85120306.json,382.json
sh96003610.json,3826.json
sh95003729.json,3844.json
sh98004905.json,3850.json
sh92006160.json,3885.json
sh85006489.json,3898.json
sh85136842.json,3924.json
sh88005154.json,3948.json
sh85129239.json,395.json
sh99003347.json,3957.json
sh2002010417.json,3962.json
n86029437.json,3980.json
sh2016000307.json,3986.json
n85255351.json,4009.json
sh92006467.json,4015.json
sh92005501.json,4016.json
sh96003574.json,4032.json
sh2003001135.json,4036.json
sh95000540.json,4067.json
sh90002108.json,4098.json
sh2010001954.json,415.json
sh85004641.json,418.json
sh85119457.json,4182.json
sh2001007096.json,4183.json
sh85017410.json,421.json
sh97002017.json,4221.json
sh2004010578.json,4245.json
sh2002001876.json,4265.json
sh2001008599.json,427.json
sh85135944.json,4272.json
sh2003006409.json,4275.json
sh2016000258.json,4332.json
sh87001562.json,4337.json
sh87002207.json,4338.json
sh85101295.json,4346.json
sh85134052.json,436.json
sh85050180.json,4365.json
sh98003744.json,4395.json
n79006847.json,4402.json
n80053295.json,4418.json
sh95000067.json,4454.json
n79042080.json,4455.json
n79121321.json,4456.json
n79086771.json,4460.json
sh97007208.json,4476.json
sh91003138.json,4483.json
sh85095996.json,4544.json
n81066658.json,4550.json
sh85005795.json,457.json
sh86001018.json,4579.json
sh85008505.json,458.json
sh95003370.json,4589.json
sh85026114.json,460.json
sh94003842.json,4609.json
sh85036691.json,461.json
sh96001084.json,4610.json
sh2008103397.json,4619.json
sh94004091.json,4621.json
sh95006809.json,4627.json
sh95006811.json,4628.json
sh2014002536.json,4629.json
sh94003838.json,4630.json
sh97004783.json,4646.json
sh85088961.json,4656.json
sh85039257.json,466.json
nr2002016010.json,4663.json
sh89004832.json,4674.json
sh86008086.json,4698.json
sh96002146.json,4701.json
sh92002376.json,4702.json
n97042879.json,4706.json
sh96003302.json,4712.json
sh00007447.json,4733.json
sh85135212.json,4736.json
sh85035192.json,4737.json
n84239891.json,4739.json
n87127972.json,4740.json
sh85019967.json,4746.json
sh85032845.json,4763.json
sh85060981.json,4770.json
sh85124660.json,478.json
sh85085131.json,4782.json
n86126853.json,4805.json
sh2001010716.json,4825.json
sh93005489.json,4875.json
sh85114568.json,4888.json
n79139507.json,4895.json
n79069715.json,4897.json
sh85045466.json,490.json
sh86000299.json,4909.json
sh94003441.json,4910.json
n80076442.json,4911.json
sh86000842.json,4912.json
n82000861.json,4913.json
sh86005393.json,4918.json
sh00005810.json,492.json
sh86004689.json,4924.json
n98951601.json,4931.json
sh85076748.json,4932.json
n80147673.json,4935.json
n81146957.json,4937.json
sh85076749.json,4940.json
sh85006535.json,4945.json
sh85148640.json,495.json
sh85138649.json,4954.json
sh85020502.json,4959.json
sh85006259.json,4961.json
sh2012003145.json,4975.json
sh85044460.json,4979.json
sh85006709.json,4982.json
sh85066590.json,4989.json
sh85019970.json,4993.json
sh85133744.json,5002.json
sh85109302.json,5004.json
n50059847.json,50059847.json
sh2008120006.json,5009.json
sh85133769.json,5013.json
sh2008009205.json,5021.json
sh85084292.json,5030.json
sh93003388.json,5035.json
n85278138.json,5037.json
sh85084435.json,5039.json
sh95002881.json,5044.json
sh2003001802.json,5045.json
sh85045454.json,5049.json
sh2008110907.json,5055.json
n94089566.json,5070.json
n87898915.json,5074.json
sh85114536.json,5089.json
sh85101013.json,5090.json
sh94003429.json,5092.json
n82028276.json,5096.json
n79027121.json,5097.json
n79015689.json,5098.json
n80150311.json,5099.json
sh2010102714.json,5107.json
sh85060358.json,5122.json
sh95000862.json,5124.json
sh2008123767.json,5136.json
sh85114930.json,5138.json
sh85127265.json,5144.json
sh89001932.json,5150.json
sh85006828.json,5157.json
sh86005288.json,517.json
sh00006895.json,5172.json
sh99013527.json,5174.json
sh2009119683.json,5176.json
sh2009123026.json,5177.json
sh94003435.json,5179.json
sh2010102711.json,5186.json
sh2004014919.json,5194.json
sh85101910.json,5195.json
sh93009312.json,5202.json
sh2002011102.json,5204.json
sh2009115114.json,5207.json
sh97001316.json,5208.json
sh95006364.json,5211.json
sh2002010512.json,5214.json
sh2010112339.json,5216.json
sh85141432.json,5217.json
sh85119069.json,5225.json
sh2010112326.json,5228.json
n00009633.json,5229.json
sh99013442.json,5238.json
sh85083404.json,5239.json
sh85007135.json,5256.json
sh85004139.json,5258.json
sh98005595.json,5259.json
sh97003480.json,5261.json
sh95008727.json,5267.json
sh97002652.json,5268.json
sh85020548.json,5269.json
sh85021842.json,5270.json
sh86004770.json,5273.json
sh85089397.json,5279.json
sh96006782.json,5280.json
sh93006510.json,5286.json
sh2007000171.json,5289.json
sh86001115.json,5291.json
sh85028769.json,5292.json
sh85020712.json,5293.json
sh89001776.json,5294.json
sh2008104797.json,5301.json
sh85036229.json,5305.json
sh2007101308.json,5310.json
sh85119086.json,5313.json
sh85057439.json,5314.json
sh85036286.json,5315.json
sh85007682.json,5317.json
sh93005686.json,5320.json
sh2009115473.json,5331.json
sh85096920.json,5346.json
no2009178578.json,5355.json
n79064760.json,5357.json
sh87001511.json,5358.json
n94008044.json,5360.json
sh85134493.json,5369.json
n81008274.json,5374.json
sh88005114.json,5376.json
sh2009118527.json,5380.json
sh2009115393.json,5381.json
sh2009119687.json,5386.json
sh2008116054.json,5387.json
sh85006650.json,5388.json
sh96008900.json,5401.json
sh89007036.json,5405.json
sh85007694.json,5406.json
sh2002007570.json,5407.json
sh85099844.json,5408.json
sh85007690.json,5409.json
n82093760.json,5422.json
sh85089390.json,5426.json
n50073906.json,5429.json
sh85017769.json,5435.json
sh85006722.json,5441.json
sh85109020.json,5448.json
sh94005773.json,5470.json
sh2008007071.json,5475.json
sh2003006527.json,5477.json
sh89006982.json,5479.json
sh85133745.json,5488.json
sh85006654.json,5489.json
n83135099.json,5498.json
n79150324.json,5501.json
sh2008120004.json,5502.json
sh85006655.json,5503.json
n81024907.json,5506.json
sh85006799.json,5507.json
sh2009115475.json,5509.json
sh85036599.json,5513.json
sh85027285.json,5517.json
sh85073006.json,5521.json
n83035318.json,5522.json
sh85091937.json,5528.json
sh85133761.json,5535.json
n85137345.json,5540.json
sh85089175.json,5542.json
sh85134717.json,5546.json
n2007079026.json,5547.json
n2015026555.json,5549.json
sh85001233.json,5551.json
sh2009115503.json,5555.json
n79018143.json,5556.json
sh85000668.json,5569.json
sh97008523.json,5572.json
sh2001009808.json,5574.json
sh85105750.json,5575.json
n97047685.json,5576.json
sh92000017.json,5579.json
sh2008002579.json,5580.json
sh2008114287.json,5582.json
sh85136294.json,5583.json
sh85006691.json,5591.json
sh85006792.json,5592.json
sh85006804.json,5596.json
sh2004000703.json,5597.json
sh2009118528.json,5603.json
sh85006810.json,5606.json
sh85006530.json,5612.json
sh85084538.json,5613.json
sh85084546.json,5614.json
sh85021018.json,5615.json
n79077528.json,5616.json
sh85122603.json,5617.json
sh85051067.json,5618.json
sh85068692.json,5624.json
n82056740.json,5625.json
sh85028768.json,5628.json
sh85146164.json,5632.json
sh85025011.json,5636.json
sh94003022.json,5638.json
sh85133730.json,5639.json
sh85075626.json,5643.json
n85346759.json,5645.json
n81069046.json,5649.json
n79090014.json,5653.json
n79143055.json,5656.json
sh85131693.json,5657.json
sh85007793.json,5661.json
sh85092393.json,5670.json
sh2001005994.json,5671.json
no2001058098.json,5672.json
sh97003776.json,5676.json
sh91002629.json,5694.json
sh86002737.json,5705.json
sh88007116.json,5714.json
sh85013373.json,5715.json
sh85122678.json,5717.json
n90680537.json,5718.json
sh2014001067.json,5724.json
n2009015417.json,5725.json
sh85006661.json,5726.json
sh85006744.json,5729.json
sh85053102.json,5730.json
sh91002965.json,5733.json
sh2005008179.json,5735.json
sh85115193.json,5764.json
sh2008005606.json,5766.json
sh97006443.json,5767.json
sh00004890.json,5774.json
sh91006406.json,5786.json
sh94003784.json,5801.json
sh94005170.json,5814.json
sh90005955.json,5819.json
no93021841.json,5832.json
sh85079596.json,5833.json
n80089399.json,5854.json
sh2002000591.json,5864.json
sh88005711.json,5898.json
sh89003458.json,5954.json
sh96002423.json,5957.json
sh93008660.json,5963.json
n85371760.json,5964.json
sh2011004633.json,5981.json
sh89004826.json,5999.json
n79065913.json,6045.json
sh96001938.json,6068.json
n79027123.json,6074.json
n79046136.json,6078.json
n79027120.json,6082.json
n80089408.json,6087.json
n78047528.json,6090.json
n79021800.json,6092.json
n79089733.json,6098.json
n79021394.json,6104.json
n81104344.json,6112.json
n82037614.json,6117.json
n88275192.json,6122.json
n79039793.json,6125.json
n80043608.json,6132.json
n79070130.json,6138.json
n79021799.json,6144.json
n79100756.json,6147.json
n79111444.json,6154.json
sh2009115392.json,6156.json
n79097457.json,6157.json
n79006839.json,6165.json
n80093613.json,6170.json
n81003081.json,6173.json
n80038199.json,6178.json
sh85101229.json,6205.json
n79006840.json,6259.json
n79070127.json,6268.json
sh85074420.json,627.json
sh92006507.json,6274.json
n78012392.json,6298.json
n79145882.json,6305.json
sh2008114435.json,6314.json
sh85053109.json,6330.json
n82127948.json,6331.json
n79145881.json,6334.json
sh89004289.json,6336.json
sh85080616.json,6337.json
sh85096919.json,6339.json
sh2008005556.json,634.json
sh85020710.json,6341.json
sh2006003806.json,6342.json
n78089021.json,6347.json
sh85053114.json,6348.json
sh2008116728.json,636.json
sh85007777.json,6376.json
sh85020771.json,6377.json
sh93001989.json,6384.json
sh93001976.json,6385.json
nr94033833.json,6406.json
sh92004203.json,6413.json
sh2007101305.json,6418.json
sh97002126.json,6420.json
sh85026692.json,6422.json
sh86000083.json,6432.json
sh86005692.json,6433.json
sh87000275.json,6434.json
sh85075677.json,6435.json
sh85142379.json,6436.json
sh85006834.json,644.json
sh85117506.json,6440.json
sh96008901.json,6443.json
sh85012010.json,6445.json
sh85105190.json,6446.json
sh85119157.json,6447.json
sh85017155.json,6449.json
sh85119030.json,6464.json
sh87006519.json,6480.json
sh85127907.json,6483.json
sh97004133.json,6485.json
sh94005019.json,6504.json
sh85112529.json,6506.json
sh85119073.json,6507.json
sh85005283.json,6509.json
sh86004535.json,6510.json
sh87002470.json,6518.json
sh90002299.json,6519.json
sh97000053.json,6525.json
sh85070215.json,6534.json
sh85142387.json,6535.json
sh85119320.json,6536.json
sh85117514.json,6537.json
sh85142389.json,6539.json
sh85017174.json,6540.json
sh85142393.json,6541.json
sh85007791.json,6542.json
sh86000019.json,6543.json
sh85112538.json,6544.json
sh91001237.json,6545.json
sh85119094.json,6548.json
sh85006611.json,655.json
sh2009115377.json,6551.json
sh85006624.json,6554.json
sh85145184.json,6555.json
n79046555.json,6562.json
n79055723.json,6565.json
sh85083492.json,6572.json
sh85108620.json,6573.json
sh85096661.json,6593.json
sh85006587.json,6594.json
n81124885.json,6618.json
n80160454.json,6622.json
n79059374.json,6626.json
n80001376.json,6628.json
n85281755.json,6630.json
n80070835.json,6635.json
sh85134563.json,6636.json
n80113649.json,6637.json
n79008245.json,6643.json
sh85025854.json,6650.json
sh85088909.json,6651.json
sh85016834.json,6652.json
sh85022579.json,6654.json
sh89001287.json,6656.json
sh97005269.json,6657.json
sh85098119.json,6658.json
sh85074398.json,6659.json
sh2009128768.json,6661.json
sh85076502.json,6662.json
sh85088723.json,6663.json
sh85134578.json,6664.json
sh85087089.json,6665.json
sh85067272.json,6669.json
sh85016829.json,6671.json
n79013822.json,6684.json
sh94003844.json,6694.json
n79021787.json,6696.json
n80125707.json,6700.json
n79039984.json,6710.json
n80150312.json,6720.json
n79056177.json,6724.json
n79038537.json,6725.json
n80001034.json,6729.json
n97121839.json,6730.json
n81035813.json,6734.json
n82005893.json,6737.json
n79043751.json,6739.json
n81043334.json,6742.json
sh85020000.json,6743.json
sh85146930.json,6744.json
n80017681.json,6749.json
sh89003444.json,6758.json
n79058874.json,6765.json
n79034985.json,6767.json
n84182507.json,6780.json
n83205199.json,6784.json
n80049581.json,6803.json
n80001328.json,6804.json
n79021811.json,6805.json
n80162919.json,6807.json
sh99004611.json,6811.json
n79018142.json,6821.json
n80067218.json,6839.json
sh2008100883.json,6840.json
sh2012004822.json,6843.json
sh94002782.json,6848.json
n81042774.json,6850.json
n80117452.json,6851.json
n83167630.json,6852.json
n79072715.json,6853.json
n81033584.json,6854.json
sh91003950.json,6864.json
sh85006601.json,6916.json
n86119056.json,7009.json
sh87000216.json,7012.json
sh85141855.json,7014.json
sh85088705.json,7016.json
sh85025567.json,7018.json
n84094110.json,7021.json
n80119516.json,7026.json
sh2009128776.json,7028.json
sh85115189.json,7116.json
sh85074411.json,7119.json
sh85053113.json,7120.json
sh85052019.json,7133.json
n80109291.json,7135.json
sh85033135.json,7138.json
n82005892.json,7140.json
sh2010013272.json,7141.json
n79065332.json,7142.json
sh85046153.json,7143.json
sh85046193.json,7144.json
sh85046192.json,7145.json
sh85136300.json,7147.json
n81011160.json,7153.json
sh85119004.json,7157.json
sh2008100188.json,7160.json
n50079643.json,7161.json
n80123342.json,7162.json
n80089391.json,7164.json
n79049549.json,7168.json
sh86004534.json,7169.json
sh97000171.json,7170.json
n82145481.json,7171.json
sh85120127.json,7173.json
sh99000164.json,7174.json
sh85093636.json,7175.json
sh00007423.json,7176.json
sh85133743.json,7178.json
n80139195.json,7179.json
sh85030620.json,7181.json
sh85026282.json,7192.json
sh2003008965.json,7195.json
sh85105203.json,7196.json
sh85054020.json,7199.json
sh85100171.json,7204.json
n79018704.json,7206.json
sh85119780.json,7207.json
n80001323.json,7216.json
sh85011738.json,7217.json
n79005665.json,7222.json
n79039994.json,7229.json
sh85012787.json,7231.json
sh85038072.json,7233.json
sh85044144.json,7237.json
sh85053101.json,7238.json
sh85053505.json,7239.json
sh85088940.json,7241.json
n80093429.json,7253.json
sh91006054.json,7255.json
n82163992.json,7256.json
nr2001021425.json,7267.json
sh86004603.json,7268.json
sh85105462.json,7274.json
n2009072145.json,7276.json
n82054991.json,7277.json
n84126345.json,7278.json
n83031972.json,7279.json
n99001080.json,7280.json
n82076341.json,7289.json
sh85120427.json,7291.json
sh85123070.json,7293.json
sh85143093.json,7297.json
sh93008880.json,7298.json
sh85033240.json,7299.json
n81035140.json,7300.json
sh85066566.json,7305.json
n91042432.json,7306.json
sh91003470.json,7307.json
n80049716.json,7313.json
sh85098864.json,7315.json
n79040121.json,7318.json
n79053090.json,7319.json
sh90002020.json,7321.json
n98107260.json,7323.json
sh85051170.json,7324.json
sh2002005567.json,7325.json
sh85096758.json,7326.json
n88208577.json,7330.json
n80123113.json,7331.json
sh2008001736.json,7332.json
sh85096568.json,7334.json
n79086777.json,7335.json
nr2003015504.json,7337.json
n79043898.json,7338.json
n81138518.json,7339.json
sh85006784.json,7343.json
n94018957.json,7350.json
nr93041088.json,7351.json
sh85119089.json,7353.json
nr2002011359.json,7360.json
sh85023468.json,7363.json
sh85105182.json,7364.json
sh85069096.json,7370.json
sh99000442.json,7371.json
sh85069086.json,7372.json
sh90000478.json,7373.json
sh85104771.json,7374.json
sh2002002053.json,7375.json
sh85084093.json,7376.json
n86058841.json,7380.json
n79054008.json,7381.json
sh85019969.json,7382.json
n79023150.json,7383.json
sh85007873.json,7384.json
sh85039070.json,7385.json
n83036079.json,7391.json
sh85135330.json,7393.json
sh85046145.json,7394.json
sh85046135.json,7397.json
n80009667.json,7398.json
n79072819.json,7400.json
sh85046149.json,7401.json
sh2008115879.json,7402.json
sh88007019.json,7403.json
sh2005006571.json,7408.json
sh85138785.json,7409.json
sh86001027.json,7410.json
sh85027470.json,7411.json
sh85020702.json,7412.json
sh85019184.json,7413.json
sh85053135.json,7414.json
sh2002003948.json,7415.json
n91089004.json,7416.json
sh85050919.json,7418.json
n79023292.json,7421.json
n78022903.json,78022903.json
n79029391.json,79029391.json
n83014894.json,83014894.json
sh85066606.json,85066606.json
sh85088594.json,85088594.json
n85098588.json,85098588.json
n85238832.json,85238832.json
sh90002019.json,90002019.json
sh92005105.json,92005105.json